12th-biology-devsatya-2021,https://drive.google.com/uc?id=14fD9E1HBa6lpMiJMVKTWjz0AFViw3wIA&export=download
12th-biology-devsatya-v1-2022,https://drive.google.com/uc?id=1X4EzzzdHwNCvvE1XZVJAn0s1g2W6zuq0&export=download
12th-biology-devsatya-v2-2022,https://drive.google.com/uc?id=1Ne7dl76nEB2putuWJB3ntFttiG79nZZ_&export=download
12th-biology-devsatya-2023,https://drive.google.com/uc?id=1CtvAw9uKzjGvBg2hVf5AfjAQ4-9KRY9X&export=download
12th-science-biology-devsatya-paperset-2024-gm,https://drive.google.com/uc?id=17lTbAgae0UOJeQDJFs3kl068C16mjjme&export=download
12th-biology-vraj-2020-guj,https://drive.google.com/uc?id=1pA7iCMQ3-RcmbTVFeEmxEGQV3s25TIBy&export=download
12th-biology-vraj-2021-guj,https://drive.google.com/uc?id=1ZvqRk88gD2a5y_UUM9b03ZnBHV1WaAUM&export=download
12th-biology-vraj-2023-guj,https://drive.google.com/uc?id=1Ds6f8gK56zhDfQAUnMQ6eZcxnpE-WGvH&export=download
12th-biology-vraj-2021-eng,https://drive.google.com/uc?id=1JD-cWdUcnrxe1AirOyswpIV5x2Hg10Us&export=download
12th-physics-sankalya-2021-guj,https://drive.google.com/uc?id=1z_JH3BZUShh-QxSLO46R-WlU8VYk5U6Y&export=download
12th-physics-sankalya-2022-guj,https://drive.google.com/uc?id=1ey1-f7CqpFdhgJ6bjUxIudaiXQ6R8TC9&export=download
12th-physics-sankalya-2023-guj,https://drive.google.com/uc?id=198e4Os68T8fHInehymSCI8tQW6lG_R0J&export=download
12th-physics-sankalya-2021-eng,https://drive.google.com/uc?id=1c15Au3DuAME85lmv0DO6VRcZhafWtMuQ&export=download
12th-physics-sankalya-2022-eng,https://drive.google.com/uc?id=1A4MLRfPtWQaZia_URuRqOJltffbxmNWC&export=download
12th-physics-sankalya-2023-eng,https://drive.google.com/uc?id=1oJ-hQuidK-yooxvFxdWAfJZJS_NLKw0Q&export=download
12th-chemistry-sankalya-2021-guj,https://drive.google.com/uc?id=1Y_rghpOWvyVp7Y7zDSD2AmH8iSgQ7nLj&export=download
12th-chemistry-sankalya-2022-guj,https://drive.google.com/uc?id=1MCXUItkBi_P1htU9Tp4NR_kRP68jdW9V&export=download
12th-chemistry-sankalya-2023-guj,https://drive.google.com/uc?id=1RW0rpS8zwnTREF0C7TEz2HtW7hQFgZZg&export=download
12th-chemistry-sankalya-2022-eng,https://drive.google.com/uc?id=1HxjtfmVAUkzlcbMlixeZYmRDn1zTq-M-&export=download
12th-chemistry-sankalya-2023-eng,https://drive.google.com/uc?id=1CSm5FKwyic5Gun8hRtK1AYSlaSac6BRl&export=download
12th-maths-sankalya-2021-guj,https://drive.google.com/uc?id=1y-XpgMQ1EPmnvqipz0LY02xEusWlkqwc&export=download
12th-maths-sankalya-2022-guj,https://drive.google.com/uc?id=1Ylq4C8KnaKA0SzicF8Y2u8RJwdfh_DbS&export=download
12th-maths-sankalya-2023-guj,https://drive.google.com/uc?id=1ndwmFIbzNiXO0moVK58o00eODqNYP6co&export=download
12th-maths-sankalya-2021-eng,https://drive.google.com/uc?id=1xoYosfl15_XBt8PPDoh4EQ9O-OOrQjOu&export=download
12th-maths-sankalya-2022-eng,https://drive.google.com/uc?id=1BMbrjQKI6U3hOFIF142i2cLrbEcOloAB&export=download
12th-maths-sankalya-2023-eng,https://drive.google.com/uc?id=1XIoqHLQrlZuC1G_dIaVLN05Zf_bE87xI&export=download
12th-biology-sankalya-2021-guj,https://drive.google.com/uc?id=1kyl5eHCpCGDrykltcfiQS-4D7C4gbqlH&export=download
12th-biology-sankalya-2022-guj,https://drive.google.com/uc?id=1JkY3LP4SKBCYMDe9bEh5jULUBf9eWk0S&export=download
12th-biology-sankalya-2023-guj,https://drive.google.com/uc?id=1WCGaqGaRDp-Aqh6AJ89BaK6-exTQFuF-&export=download
12th-biology-sankalya-2021-eng,https://drive.google.com/uc?id=1xriIqi2iDdwxzF2yUpEz88Z6JVLJBP5X&export=download
12th-biology-sankalya-2022-eng,https://drive.google.com/uc?id=11pWDmjCTJqfO60wwloceMicVfHqi_nLl&export=download
12th-biology-sankalya-2023-eng,https://drive.google.com/uc?id=19QBVOTDrg9pCTLOzyPzFFed9xQDBCbkv&export=download
12th-computer-sankalya-2022-guj,https://drive.google.com/uc?id=1teepxbQLYWz_aXcxO5YjjyRt4QGH0Rva&export=download
12th-computer-sankalya-2022-eng,https://drive.google.com/uc?id=1_ozat50-_GxTkg4OzsZAIfckyiok3Nor&export=download
12th-computer-marvel-gm,https://drive.google.com/uc?id=1rP2JwMo24p14OckcwiK2qhaSq0XEl6H4&export=download
12th-computer-marvel-em,https://drive.google.com/uc?id=12e3pYirUMNZjh8_Kmc0Ey-6OspI0GWUX&export=download
12th-chemistry-answer-key-2022-v1,https://drive.google.com/uc?id=1ZsGwt8jsLqLukQoa7LsC9bTIbr7Sqk-C&export=download
12th-biology-answer-key-2022-v3,https://drive.google.com/uc?id=1cmzHkhj_bUBcHZuezIloLEjtZyIF_p2q&export=download
12th-biology-answer-key-2022-v4,https://drive.google.com/uc?id=1Oj52lsm8K_FjunGc4SC4zLJ3lPOH8-1x&export=download
12th-english-fl-mcqs-by-camp-publication,https://drive.google.com/uc?id=1e-77_dJVNWwrAmzLg21dngnH82KPpZfq&export=download
12th-english-fl-camp-part-1-v1,https://drive.google.com/uc?id=1UOf_0pmoCyIOJyzQ1dQpTDYvFhhsjDBl&export=download
12th-english-fl-camp-part-1,https://drive.google.com/uc?id=16cs6maDhzXG9QoppJ0MXDJ-hzM16xh7U&export=download
12th-english-fl-camp-part-2-v1,https://drive.google.com/uc?id=1cJTxnMjpCP8WPvsAkGFjt0ms3eKtQ3RL&export=download
12th-english-fl-camp-part-2,https://drive.google.com/uc?id=1SCXIeca-4bi_lOpron3fBlIJrUZnrg4N&export=download
12th-science-paper-set-2023-youth-vidyakul,https://drive.google.com/uc?id=1sbemye5FD3B65-ekGcUit6UOBEbpMAhs&export=download
12th-commerce-paper-set-2023-youth-vidyakul,https://drive.google.com/uc?id=1U2boqcyy6q2KcHd5zGEmjmmtvQ2rzO2l&export=download
12th-arts-paper-set-2023-youth-vidyakul,https://drive.google.com/uc?id=1g04ycj46UZPB-vz5pEI5oD-t-iaiG_-O&export=download
12th-commerce-marvel-board-question-papers-2023-em,https://drive.google.com/uc?id=1wqHx7faCxVIUrUhGB_6t-6tUDCYuRZ74&export=download
12th-commerce-paper-set-2023-youth-vidyakul,https://drive.google.com/uc?id=1U2boqcyy6q2KcHd5zGEmjmmtvQ2rzO2l&export=download
12th-arts-paper-set-2023-youth-vidyakul,https://drive.google.com/uc?id=1g04ycj46UZPB-vz5pEI5oD-t-iaiG_-O&export=download
12th-commerce-gala-assignment-2023-gm,https://drive.google.com/uc?id=1-EAwMaXeuXJTWzpmk8xxBwpP45UNNLte&export=download
12th-commerce-gala-board-question-papers-2023-em,https://drive.google.com/uc?id=13FyYl2Sgzae0gyTK4GoGmRR3esB_1A85&export=download
gseb-12th-commerce-account-apekshit-2023,https://drive.google.com/uc?id=15rMdo_1YY0UlwZHa08VXvGuAYS-VTvLF&export=download
gseb-12th-commerce-ba-apekshit-2023,https://drive.google.com/uc?id=17cfDETPsfrl6eXCSB-H6GlEwvb1J9kyD&export=download
gseb-12th-commerce-english-sl-apekshit-2023,https://drive.google.com/uc?id=1DNTEOxtGBo8mvWDMJIGQcP-qPezEGqJz&export=download
gseb-12th-commerce-gujarati-fl-apekshit-2023,https://drive.google.com/uc?id=149QjxEaimjfWt-xHxjXEs0N4DqdiKxOA&export=download
gseb-12th-commerce-economics-apekshit-2023,https://drive.google.com/uc?id=1j17UG4ip_iv-zC3bhdVUz8WYT2bsZJQC&export=download
gseb-12th-commerce-statistics-apekshit-2023,https://drive.google.com/uc?id=1MXIQWl1QtYyoz8N0e4YUYi6lOmPOO2Fz&export=download
gseb-12th-commerce-spcc-apekshit-2023,https://drive.google.com/uc?id=12_evnRqz7EMLtxeud6VpSbU5mMUgWWW-&export=download
gseb-12th-science-physics-2023-imp-gm,https://drive.google.com/folderview?id=1KjAUfDTe4F6BxJe5Ffh7PaVJpbOXsQZP&usp=sharing
gseb-12th-science-chemistry-2023-imp-gm,https://drive.google.com/folderview?id=1bOHRPubS4iGPFWjqarc5V81ZYjF6WP5W&usp=sharing
gseb-12th-science-maths-2023-imp,https://drive.google.com/uc?id=1KtyPnon1JNRjYAG4XcoSIEnvfetPF1M_&export=download
gseb-12th-science-biology-2023-imp-gm,https://drive.google.com/folderview?id=1XTRK2eL3QCukLWAcUGxbFww_ScfEs92g&usp=sharing
gseb-12th-science-english-sl-2023-imp,https://drive.google.com/uc?id=1fFz9kSQQEtj9ExGzYZ8jwenceHovrCBw&export=download
gseb-12th-science-2023-imp-paperset-crystal-school,https://drive.google.com/uc?id=1eIvm1JCH5yrn3PR6fOQHFErAzGbD6mU7&export=download
gseb-12th-science-physics-2023-imp-em,https://drive.google.com/folderview?id=1CRTyWP7kVh6xlaXGz1fdlUvflTsLW4D1&usp=sharing
gseb-12th-science-chemistry-2023-imp-em,https://drive.google.com/folderview?id=1OghzgOpwwe9bYaLhWw3QMTjBi2JYeoD-&usp=sharing
gseb-12th-science-maths-2023-imp,https://drive.google.com/uc?id=1KtyPnon1JNRjYAG4XcoSIEnvfetPF1M_&export=download
gseb-12th-science-biology-2023-imp-em,https://drive.google.com/folderview?id=1pEAsWIPcTg60c-DoAoEcG6BLQe6pAH16&usp=sharing
gseb-12th-science-physics-imp-derivations-em,https://drive.google.com/uc?id=1gFMl8RD1ndFxcXe_pK-hZmqWnZrejW02&export=download
12th-commerce-account-sankalya-2023-gm,https://drive.google.com/uc?id=1dLug-awEbs51pqeEte67q-PbEhV_9e91&export=download
12th-commerce-account-sankalya-2023-em,https://drive.google.com/uc?id=1mnzTLR10RPzB2X-zhkRsTZYbDhoaNno_&export=download
12th-commerce-statistics-sankalya-2023-gm,https://drive.google.com/uc?id=1gF5doT5NTkfZCJg0R4adkZiKfTWVxKEG&export=download
12th-commerce-statistics-sankalya-2023-em,https://drive.google.com/uc?id=1cnr6jZPwuC8QYr4ZWipQ15eL1qZiR_YX&export=download
12th-commerce-economics-sankalya-2023-gm,https://drive.google.com/uc?id=1ShRULueTpFAtD38W9Lg3cqikNW5fl3dv&export=download
12th-commerce-economics-sankalya-2023-em,https://drive.google.com/uc?id=1xTtAhx-6NAAf_6CyiljajNmfpRup2DOV&export=download
12th-commerce-computer-sankalya-2023-gm,https://drive.google.com/uc?id=1zLX4RRpjpZCEo_h7cbw6TmYr3qJ00_Eu&export=download
12th-commerce-computer-sankalya-2023-em,https://drive.google.com/uc?id=1hHPTVDxgWDTm0BlOBBLOM9W3HyD6BEMl&export=download
12th-commerce-ocm-ba-sankalya-2023-gm,https://drive.google.com/uc?id=1zGqYUgtvNJC65GOdMZGgefFM5jQvnMFo&export=download
12th-commerce-ocm-ba-sankalya-2023-em,https://drive.google.com/uc?id=1mfEa6MmPwsQUth8k5RqNwS1CJGzsuzg2&export=download
12th-arts-geography-sankalya-2023-gm,https://drive.google.com/uc?id=1df_ryoqYrEByBxDOSrJ-sASf6Txz3lXJ&export=download
12th-arts-psychology-sankalya-2023-gm,https://drive.google.com/uc?id=1pMliBPvFViDMZoWno3HQKgER2YjXfpJO&export=download
12th-arts-history-sankalya-2023-gm,https://drive.google.com/uc?id=1cQIaBj-lzCTfvcXxxItFLopFb2A6T1wt&export=download
12th-arts-philosophy-sankalya-2023-gm,https://drive.google.com/uc?id=1sUOHyrbJPALKf4vwFV6cppYTQjHBxVQu&export=download
10th-science-sankalya-2023-gm,https://drive.google.com/uc?id=17rbKCGFt7dkofiM9ncAH6NdOLdHlMQg-&export=download
10th-science-sankalya-2023-em,https://drive.google.com/uc?id=1gSGrluT5veVASUvIxCW7Y68JlcXV6-kJ&export=download
10th-social-studies-sankalya-2023-gm,https://drive.google.com/uc?id=1yKb84G69dXyOqmI0cbL82RzU4pQno89k&export=download
10th-social-studies-sankalya-2023-em,https://drive.google.com/uc?id=1gbOpoDvTRlH8vaYWU4imXPPkSsKK2PCl&export=download
10th-english-sankalya-2023-gm,https://drive.google.com/uc?id=1ydK8RdLcyi42sZ8nKj5umWlYlapJVzm3&export=download
10th-english-sankalya-2023-em,https://drive.google.com/uc?id=1VmR8OgEc7yg1VvM_7AxdUTbqd4y4SC5B&export=download
10th-maths-sankalya-2023-gm,https://drive.google.com/uc?id=18kkel5UnZ1H941GYHZlaug9h8TlmBoHo&export=download
10th-maths-sankalya-2023-em,https://drive.google.com/uc?id=15Uhj6LfZAbxqIqboBo3KOQBzCBP7nrY2&export=download
gseb-class-9-maths-blueprint-2023,https://drive.google.com/uc?id=1DKxRzdx12vxzV5YAMi7TC2PlsIvg1CaZ&export=download
gseb-class-9-science-blueprint-2023,https://drive.google.com/uc?id=1Ou61XLGluEmDxxr3lMs4wAgY-eifP_-A&export=download
gseb-class-9-english-fl-blueprint-2023,https://drive.google.com/uc?id=1xWCHf3hKqk26vpFNFglItkFLjVQA7sfL&export=download
gseb-class-9-hindi-fl-blueprint-2023,https://drive.google.com/uc?id=1dMBn82SYzDI8_lE-qc_0q4n72jVwIZtb&export=download
gseb-class-9-urdu-fl-blueprint-2023,https://drive.google.com/uc?id=1DdkJeGOJuhq7aW7eoyH2hTgRwgezDt7Q&export=download
gseb-10th-maths-basic-blueprint-2023-24-final,https://drive.google.com/uc?id=1ppGjJbDZTE99vcsM8nPfV7KkglKW3JBf&export=download
gseb-10th-maths-standard-blueprint-2023-24-final,https://drive.google.com/uc?id=1yHj7lCWzzBEZoq3wvOEEAb4UDJPJVNE8&export=download
gseb-10th-science-blueprint-2023-24-final,https://drive.google.com/uc?id=1YvHIu5HTZQS4PHwIDvIQ0lNAjMQrsxYM&export=download
gseb-10th-social-science-blueprint-2023-24-final,https://drive.google.com/uc?id=1v4YYOgPhaA4CsTsuwMqea9z75leqNkZW&export=download
gseb-10th-gujarati-fl-blueprint-2023-24-final,https://drive.google.com/uc?id=1dNhofu9WDM6Vl5rT1aoiu4SL5SIEThz1&export=download
gseb-10th-gujarati-sl-blueprint-2023-24-final,https://drive.google.com/uc?id=1QUbwrR3st8r_GrfC7hh8Z2QoBz8xxXPR&export=download
gseb-10th-english-fl-blueprint-2023-24-final,https://drive.google.com/uc?id=14j5b6tfc3U5_DMON7tL9jMzKnYNAo22v&export=download
gseb-10th-english-sl-blueprint-2023-24-final,https://drive.google.com/uc?id=1BjtRDmslQqYVCX050ItUSiJtW7ias1f2&export=download
gseb-10th-hindi-fl-blueprint-2023-24-final,https://drive.google.com/uc?id=18jo2q_VG_Ol39PKzk9JAbZNZHW4lksqf&export=download
gseb-10th-hindi-sl-blueprint-2023-24-final,https://drive.google.com/uc?id=1ID4ys3QR4lGD8F2Fng1Aw_RyWHktomRh&export=download
gseb-10th-sanskrit-blueprint-2023-24-final,https://drive.google.com/uc?id=1MGmPwTbNnjymfgGlCq3uH5iKXh3ieIDI&export=download
gseb-10th-urdu-blueprint-2023-24-final,https://drive.google.com/uc?id=1-0q0xYTFah35t1SfI--gIpYDpSt6830I&export=download
gseb-class-10-maths-basic-blueprint-2023,https://drive.google.com/uc?id=1zvPjRWl2GZOjphC7E09TS0p5pEzNWEK1&export=download
gseb-class-10-maths-standard-blueprint-2023,https://drive.google.com/uc?id=1azGQoFxDf5qxLkuUsgMD6QkidxoqiPTz&export=download
gseb-class-10-science-blueprint-2023,https://drive.google.com/uc?id=1aGnxxJ0Ci-A3lno_BLcYoZNw0pGsl7fr&export=download
gseb-class-10-english-fl-blueprint-2023,https://drive.google.com/uc?id=11_YZvWE2e15-ISg-1_H-wKPe0Pzbno3M&export=download
gseb-class-10-hindi-fl-blueprint-2023,https://drive.google.com/uc?id=1jvSZQ3Ee30dmfg97AUaatpcYrRlN56d7&export=download
gseb-class-10-urdu-fl-blueprint-2023,https://drive.google.com/uc?id=1L-beQHMPWEkcXeXwDaCCJKOSB3-FnYYm&export=download
gseb-class-11-physics-blueprint-2023-24,https://drive.google.com/uc?id=1PbxwPlbIUhqFe0qfExT1to2ZBuot6PrC&export=download
gseb-class-11-chemistry-blueprint-2023-24,https://drive.google.com/uc?id=1YKHsgcTDR31pKTLtJ14NieafpEKN0heH&export=download
gseb-class-11-maths-blueprint-2023-24,https://drive.google.com/uc?id=1NN8rbY_kEQp3GpdA7wqL7zGTAi7ZhxK6&export=download
gseb-class-11-biology-blueprint-2023-24,https://drive.google.com/uc?id=1FcAr5fMqqZ44uPzbN7XueeEgtAJwH5oS&export=download
gseb-class-11-english-fl-blueprint-2023-24,https://drive.google.com/uc?id=1q0-AhHp02YSaG6ZFgoxBz5Tk4Am_z6M0&export=download
gseb-class-11-hindi-fl-blueprint-2023-24,https://drive.google.com/uc?id=1OCCCh5vQLV0QEbyXFbq_UmkevR-6zte2&export=download
gseb-12th-science-physics-blueprint-2023-24-final,https://drive.google.com/uc?id=1i-WAcr5NSHLFOqVoIAv9JhemGkBUtoMS&export=download
gseb-12th-science-chemistry-blueprint-2023-24-final,https://drive.google.com/uc?id=1WL-3fuqC7_qgvwOIPZYvHdeKOELyrujY&export=download
gseb-12th-science-maths-blueprint-2023-24-final,https://drive.google.com/uc?id=16s7Rg7bOwCoFsdeZP3Erj3JSZ3ZvkPsK&export=download
gseb-12th-science-biology-blueprint-2023-24-final,https://drive.google.com/uc?id=1dIGzIh3nwvNMjEnFufMz880mnO7C0T57&export=download
gseb-12th-science-english-fl-blueprint-2023-24-final,https://drive.google.com/uc?id=10x4wr6W4bSGMWGs9IwASaQNBvtPJYrD2&export=download
gseb-12th-science-english-sl-blueprint-2023-24-final,https://drive.google.com/uc?id=1ZTvsdwFkywOnbK_l_WtMFs-u6I-lh-1J&export=download
gseb-12th-science-gujarati-fl-blueprint-2023-24-final,https://drive.google.com/uc?id=14EEu2xqDxPZxka5aGS3jOkJrivQpYIEp&export=download
gseb-12th-science-gujarati-sl-blueprint-2023-24-final,https://drive.google.com/uc?id=1nv1bIgzVg5QgbffLAd_DoYp7r4KT4K_K&export=download
gseb-12th-science-hindi-fl-blueprint-2023-24-final,https://drive.google.com/uc?id=1VvT1yuUT9iJZmtyV0zxfozdYdv-EiuW0&export=download
gseb-12th-science-hindi-sl-blueprint-2023-24-final,https://drive.google.com/uc?id=1obIrsnQG5keXp1wia14uhJQXvJZSItOy&export=download
gseb-12th-science-sanskrit-blueprint-2023-24-final,https://drive.google.com/uc?id=1giUPt_IQbXfoJQpYYZ5YT_ARE2s_AgL0&export=download
gseb-12th-account-blueprint-2023-24-final-general-stream,https://drive.google.com/uc?id=1E3x3yfF8NAFnIwZsiTeesBohS-CVJKzm&export=download
gseb-12th-stat-blueprint-2023-24-final-general-stream,https://drive.google.com/uc?id=1FWe36Nk5br-G-lRTCTT45SVxvDZcuj8x&export=download
gseb-12th-ba-blueprint-2023-24-final-general-stream,https://drive.google.com/uc?id=14bFN7JCO9xMse-Bdz8K0VQp0d2NAdTic&export=download
gseb-12th-economics-blueprint-2023-24-final-general-stream,https://drive.google.com/uc?id=13CTL0g0TX5V4-gKw6Zn0TT-xBFyTPZzj&export=download
gseb-12th-spcc-blueprint-2023-24-final-general-stream,https://drive.google.com/uc?id=19HuSs-tG5Sj6J600_tU3D8dhmBShx_PH&export=download
gseb-12th-geography-blueprint-2023-24-final-general-stream,https://drive.google.com/uc?id=1BtduoUypgeebls0JQwkJTI3AbkGNcyoK&export=download
gseb-12th-history-blueprint-2023-24-final-general-stream,https://drive.google.com/uc?id=1FC3Oy5WHMd1nFLZcUx_c-uROmGm1FjfB&export=download
gseb-12th-philosophy-blueprint-2023-24-final-general-stream,https://drive.google.com/uc?id=1pp0YyjbO_aPil7IEMl2wkeJRb6mWWhZ_&export=download
gseb-12th-political-science-blueprint-2023-24-final-general-stream,https://drive.google.com/uc?id=1XoRNpATxbytHXuUGxkXHkDD_aT_xzabg&export=download
gseb-12th-psychology-blueprint-2023-24-final-general-stream,https://drive.google.com/uc?id=1D2p3cuVJJclYOxAJSUVfCnmgEyEN8erm&export=download
gseb-12th-sociology-blueprint-2023-24-final-general-stream,https://drive.google.com/uc?id=1rBIkPx4Q7_nUJdMxKx0KFrsVfhMNxvVD&export=download
gseb-12th-sanskrit-blueprint-2023-24-final-general-stream,https://drive.google.com/uc?id=1lRrCFGxyCQCOCupuY2MDvPtzVH4FV2sM&export=download
gseb-12th-gujarati-fl-blueprint-2023-24-final-general-stream,https://drive.google.com/uc?id=1aY46E5h8oIt8V-Nkwm0WD7lTdN5_jX_W&export=download
gseb-12th-gujarati-sl-blueprint-2023-24-final-general-stream,https://drive.google.com/uc?id=1MMqUCt6gFRKl0qWQSRPXwK8rmBdyslgg&export=download
gseb-12th-english-fl-blueprint-2023-24-final-general-stream,https://drive.google.com/uc?id=19Mo9fLAe3kOtoy__0cR0qEwbrg-WypyE&export=download
gseb-12th-english-sl-blueprint-2023-24-final-general-stream,https://drive.google.com/uc?id=1DezVmHZMZW6xa2fFnpBkLtTcxbzLldiE&export=download
gseb-12th-hindi-fl-blueprint-2023-24-final-general-stream,https://drive.google.com/uc?id=1729HaATF-YoE0jDTwei6g3I-MbDUqLdz&export=download
gseb-12th-hindi-sl-blueprint-2023-24-final-general-stream,https://drive.google.com/uc?id=1GMFFRgClk_qRd25xTTtTXbk15u7w7iZn&export=download
gseb-class-12-physics-blueprint-2023-24,https://drive.google.com/uc?id=1wPq4PKnYAZcQoAhUwP8SYdNc_mF8DFAI&export=download
gseb-class-12-chemistry-blueprint-2023-24,https://drive.google.com/uc?id=1qgUU89rW3f4V7xubD01XZg7hPKmzVPyO&export=download
gseb-class-12-maths-blueprint-2023-24,https://drive.google.com/uc?id=1zes4pJsW8b4jwHxKpBrvVdztRVCQxIp7&export=download
gseb-class-12-biology-blueprint-2023-24,https://drive.google.com/uc?id=1DaQvSfZBJdSRtp3belbcgM7G71Gf0P8y&export=download
gseb-class-12-english-fl-science-blueprint-2023-24,https://drive.google.com/uc?id=1a3KBOoTfqCpet6UwQbjY2Bm2w9jlwOPy&export=download
gseb-class-12-english-fl-general-blueprint-2023-24,https://drive.google.com/uc?id=1mMxiTbbvHmneEVSjxf0FpuqyN4O5iEQT&export=download
gseb-class-12-hindi-fl-science-blueprint-2023-24,https://drive.google.com/uc?id=1IUlxYMWRM-oXyPpvRG31y-b1slySPPqP&export=download
gseb-class-12-hindi-fl-general-blueprint-2023-24,https://drive.google.com/uc?id=1LEm9sFyvhZRz8iG6Y_nbQ0YDgfPCLu8I&export=download
10th-maths-2023-24-reduced-syllabus,https://drive.google.com/uc?id=12qUV-JBtFrMdW116Xt8diOA5ASYc4Ad1&export=download
10th-science-2023-24-reduced-syllabus,https://drive.google.com/uc?id=1juFrAgLe125C53Njak25NdzH7NQwmxy7&export=download
11th-physics-2023-24-reduced-syllabus,https://drive.google.com/uc?id=1oS5YMOgwcHDWdXtAWjD5NNGi3F2TTy0B&export=download
11th-chemistry-2023-24-reduced-syllabus,https://drive.google.com/uc?id=1AQtMsmOQOtv5yI9EhCrDDSlZmaL9-qyM&export=download
11th-maths-2023-24-reduced-syllabus,https://drive.google.com/uc?id=1usmMr-Ycykz42DndP4qnqak4ZvMBQLd_&export=download
11th-biology-2023-24-reduced-syllabus,https://drive.google.com/uc?id=1eQQ96EF_IY6pQ_Aw7OZNLhaKykhzDLMn&export=download
12th-physics-2023-24-reduced-syllabus,https://drive.google.com/uc?id=1D-JgcPlitpo26fyfK6GtauZ7-Y9vJvVb&export=download
12th-chemistry-2023-24-reduced-syllabus,https://drive.google.com/uc?id=147cwT_N9Hcag5ddfdC65NsDGQG-fAnVc&export=download
12th-maths-2023-24-reduced-syllabus,https://drive.google.com/uc?id=14b9-r-F14KKpfKgSpQDOzdmI8kdCXJqx&export=download
12th-biology-2023-24-reduced-syllabus,https://drive.google.com/uc?id=1r-58RSD5I9wzqn-q-kssRr1Q3bBQXH6Y&export=download
gseb-12th-english-sl-digest-pdf,https://drive.google.com/uc?id=1zqhGP-OoclJn2lVrP8qMTKRo--I9DzeB&export=download
12th-english-workbook-by-b-k-bheda-school,https://drive.google.com/uc?id=1Zjni3TlQ67uqQGG6ciY3Dp0-9uKjeIgf&export=download
gseb-12th-english-grammar-material,https://drive.google.com/folderview?id=1lJjRn-kwVi2I5Pn4LfJWF0uks5tVcLnJ&usp=sharing
12th-english-writting-material,https://drive.google.com/folderview?id=1Q7Go4FxeCXA4R2pI3JFDvMmPf90m_ltU&usp=sharing
gseb-12th-english-material,https://drive.google.com/folderview?id=1q_7G-mhPCioQbss6pS5dFklZmvA8lu_9&usp=sharing
9th-maths-2023-24-reduced-syllabus,https://drive.google.com/uc?id=16PKf5h1xBp0RedOsgzetLKng8x4RG4U1&export=download
9th-science-2023-24-reduced-syllabus,https://drive.google.com/uc?id=1-V7zMIUMoqWWSPLD3vyVql2aV3qoJ6c5&export=download
gseb-12th-account-digest-part-1-pdf,https://drive.google.com/uc?id=1lGjJkWyMSHkcJExakWaqJSG7a2NwSlqu&export=download
gseb-12th-account-digest-part-2-pdf,https://drive.google.com/uc?id=1_uaIwEczYezgf_PKqMgIOhB4-3C-_iA2&export=download
gseb-12th-account-digest-part-1-pdf-em,https://drive.google.com/uc?id=1TBkRXYnPSPVfAHlNrcrIPvJCAvfZczLt&export=download
gseb-12th-account-digest-part-2-pdf-em,https://drive.google.com/uc?id=13NTB59DzpdMGt8boG6jmXTbu7GOMhRJc&export=download
gseb-12th-ba-digest-pdf,https://drive.google.com/uc?id=1Pl6_LTnm0eJs4dsqVpVGBx8JgHiQziWm&export=download
gseb-12th-ba-digest-pdf-em,https://drive.google.com/uc?id=136BUIl89xhOc3sTK5TA5GNV_wVziNJAq&export=download
gseb-12th-economics-digest-pdf,https://drive.google.com/uc?id=1AEkog0cQnyFeXA7O4A1m4ep5V-8r64rA&export=download
gseb-12th-economics-digest-pdf-em,https://drive.google.com/uc?id=1gZ4pPK7GdykkzmBz53VC6KMN0t_Jwmi2&export=download
gseb-12th-english-sl-digest-pdf,https://drive.google.com/uc?id=1zqhGP-OoclJn2lVrP8qMTKRo--I9DzeB&export=download
gseb-12th-gujarati-fl-digest-pdf,https://drive.google.com/uc?id=1749ToGG6WwuDFcTRgMpeS6u8UpidsCcI&export=download
gseb-12th-gujarati-sl-digest-pdf,https://drive.google.com/uc?id=1SSd4G9RBhfStq4g7msOWitBWZB-yROz2&export=download
gseb-12th-statistics-digest-part-1-pdf,https://drive.google.com/uc?id=1BgoOE6wjjQzuWSDtPcrWNqjnv_0N_s4Z&export=download
gseb-12th-statistics-digest-part-2-pdf,https://drive.google.com/uc?id=13WvlBXmO189euWWQUMOmIP1S2Fq6eaka&export=download
gseb-12th-statistics-digest-part-1-pdf-em,https://drive.google.com/uc?id=1PpvE00wSDpvhkZyeHVWd2p9M3hh-Kf1y&export=download
gseb-12th-statistics-digest-part-2-pdf-em,https://drive.google.com/uc?id=1EJ84uc-VoalXDoRnDVKqe9ZnggWSShfg&export=download
gujcet-physics-marvel-2022-em,https://drive.google.com/uc?id=1ewTKJj_jjikP0ocOi3PJF0vwlJf4D0kV&export=download
gujcet-chemistry-marvel-2022-em,https://drive.google.com/uc?id=1R1fUKqf2DWdnxJo5HzWmxm6GP6O9D8Qx&export=download
gujcet-maths-marvel-2022-em,https://drive.google.com/uc?id=1kdZUrQp1Hmq10UHUE6x4VvtJvnYOi6p6&export=download
gujcet-biology-marvel-2022-em,https://drive.google.com/uc?id=1wyhss6gTR7WvoXEImhLngGxIigyW9gBP&export=download
12th-physics-darpan-gm,https://drive.google.com/uc?id=1MjZvptGw0Q3QzYJdouenK7Xl8beJb9n2&export=download
12th-biology-darpan-gm,https://drive.google.com/uc?id=1xY4SO3gHV_p43ukrv64OnfIvbEL0jyfe&export=download
neet-physics-darpan-volume-1-gm,https://drive.google.com/uc?id=1Zlgcx-GnNbfZ-rJMn4zMPGdC-rAb8VTh&export=download
neet-physics-darpan-volume-2-gm,https://drive.google.com/uc?id=1leNVNwuH8BynM2F_6lXdoe6mgAAWd_zR&export=download
12th-computer-darpan-gm,https://drive.google.com/uc?id=1P9nfRX88gYpVzNdN3BI0GMXyWrSUhRIa&export=download
12th-physics-darpan-em,https://drive.google.com/uc?id=13NSQR4eJwUeGIaXQSWBselUQNLZnWLZQ&export=download
12th-maths-darpan-em,https://drive.google.com/uc?id=1QEMmfzTFHWoaA82I9LkvodGAdLe3YgzE&export=download
gujcet-physics-mcqs-gm,https://drive.google.com/folderview?id=1vBdRfsk4DPDJke2uyMUzrCGePHvsbP8q&usp=sharing
gujcet-chemistry-mcqs-gm,https://drive.google.com/folderview?id=1cEJvzw23XG2Qil_mdKaWJ_vhB8vScKg3&usp=sharing
gujcet-maths-mcqs-gm,https://drive.google.com/folderview?id=1MilOWWOP7jwmTrdx75aqWfJVVnMsjD5O&usp=sharing
gujcet-biology-mcqs-gm,https://drive.google.com/folderview?id=1b16mJhW6rvUTINji2JoFVkJJM-kuVbQn&usp=sharing
gujcet-imp-mcqs-by-digital-vidhyalaya-gm,https://drive.google.com/drive/folders/1gCRQf7gpUj8AUpj6Pi3dU-faLVINMKiu?usp=sharing
gujcet-chemistry-mcqs-em,https://drive.google.com/folderview?id=1kbiE_KWydLzdbbVO0K63vDXnh3QFcO8y&usp=sharing
gujcet-maths-mcqs-em,https://drive.google.com/folderview?id=1Yh5xyb6iqVPGhKdlXOYeWUEW3ug6qUSm&usp=sharing
gujcet-physics-practice-papers-gm-krishna-school,https://drive.google.com/folderview?id=1mCTJJuiyDCp0_Y8z8bx583e7CtM_6eEf&usp=sharing
gujcet-chemitry-practice-papers-gm-krishna-school,https://drive.google.com/folderview?id=1HhRvvaZhRbWDW5QUodoJC4wVoR7NrSC4&usp=sharing
gujcet-maths-practice-papers-gm-krishna-school,https://drive.google.com/folderview?id=1KP43O9gwR7yTslu-TTayAWROCpquvE8u&usp=sharing
gujcet-biology-practice-papers-gm-krishna-school,https://drive.google.com/folderview?id=1EDKJfmGyTF27OktsZOhp1Cviu_L42Qcz&usp=sharing
gujcet-practice-paper-1-gm-ashadeep-iit,https://drive.google.com/uc?id=1uHS8j8bYORu7yUhFV3qmLpkpThTYtOKF&export=download
gujcet-practice-paper-2-gm-ashadeep-iit,https://drive.google.com/uc?id=1UOSo0lBlvsfJsUXtdC1JfGCfR0InSJOY&export=download
gujcet-physics-practice-papers-em-krishna-school,https://drive.google.com/folderview?id=1E-G_vGc3ceylDzHlKD9ZeVwFYagM3MBi&usp=sharing
gujcet-chemitry-practice-papers-em-krishna-school,https://drive.google.com/folderview?id=1BdBDYR7EuV82SYK4ALS9Nu7McdYtpovy&usp=sharing
gujcet-maths-practice-papers-em-krishna-school,https://drive.google.com/folderview?id=1eMoq9L3_ZxjVmXBOg8iJFynKyb8fEOW2&usp=sharing
gujcet-biology-practice-papers-em-krishna-school,https://drive.google.com/folderview?id=11nhWFeY38DG9JOj9hSErN_AL8ms6HKae&usp=sharing
12th-maths-answer-key-july-2023-v1,https://drive.google.com/uc?id=1c6QzXfnokH5uvVy2vAPSOaoPmg50LbZZ&export=download
12th-biology-answer-key-july-2023-v1,https://drive.google.com/uc?id=1XzWQwro3agNEhkaDvFzGAwT2WUEpzAEo&export=download
12th-biology-answer-key-july-2023-v2,https://drive.google.com/uc?id=1pqVK2JtYUnEGZ3pAigRTOdgzOsY0-2ID&export=download
12th-chemistry-answer-key-july-2023-v1,https://drive.google.com/uc?id=15Cnr5Yl-trQVYFkVap6Vjhc03U0nrQXI&export=download
12th-chemistry-answer-key-july-2023-v2,https://drive.google.com/uc?id=1kojSbnLp7opc7monug71xiREry3Ztl9U&export=download
12th-physics-answer-key-july-2023-v1,https://drive.google.com/uc?id=1xzaC2mitlxNSWuaFI-V-ZRpcKEqPHvAg&export=download
12th-physics-answer-key-july-2023-v2,https://drive.google.com/uc?id=1FzaRt7lK0Bqx35x0U-AuAsmwbHChOajN&export=download
gseb-12th-science-provisional-answer-key-official,https://drive.google.com/uc?id=1_6ihs4axsp3lc4W9QCacm5aFbBtPtZFe&export=download
12th-sanskrit-answer-key-2023-v1,https://drive.google.com/uc?id=1lETNyrAuoLHUNBLYm6DEF9W5VxbJfIQm&export=download
12th-sanskrit-answer-key-2023-v2,https://drive.google.com/uc?id=1cjBlv_7M_PahriVYQSnYBO6RFUSlfrd7&export=download
12th-computer-answer-key-2023-v1,https://drive.google.com/uc?id=1dHnM1KXvkT8J9rkagwH_Aal-9_0tPlW4&export=download
12th-computer-answer-key-2023-v2,https://drive.google.com/uc?id=1s-uZm125oMEObq883fq9WMZuT0UDX3dg&export=download
12th-computer-answer-key-2023-v3,https://drive.google.com/uc?id=1fsey-zfTebiTNVoruYBxeR6f7mUPIR5q&export=download
12th-computer-answer-key-2023-v4,https://drive.google.com/uc?id=1xcbLH1mUmaeNx_0TEgdn90li-VomGQcx&export=download
12th-computer-answer-key-2023-v5,https://drive.google.com/uc?id=1EyaWsbL6rSW1m9j9zlcq6e7l0TmDqSwr&export=download
12th-computer-answer-key-2023-v6,https://drive.google.com/uc?id=1tpMkhVAx6lU8jyAitC8ttDgsbLM6y7Zq&export=download
12th-computer-answer-key-2023-v7,https://drive.google.com/uc?id=1A8y3y7Ihj15ECLATeOK_AP6h4ckeVj6D&export=download
12th-computer-answer-key-2023-v8,https://drive.google.com/uc?id=1u1Dx8aTIWHN8mkcLIqnhOLdyIC1C3K50&export=download
12th-english-sl-answer-key-2023-v1,https://drive.google.com/uc?id=1pCJ4NvWq2y_1BzUpRU3h7XKAVPosy3NA&export=download
12th-english-sl-answer-key-2023-v2,https://drive.google.com/uc?id=1AF3p_qAT9PHviaTLfGkPo6CEJ0fGKnY_&export=download
12th-english-sl-answer-key-2023-v3,https://drive.google.com/uc?id=1KMtcj_BvWfeFiJUHcp88eSQLQ4bSsELX&export=download
12th-english-fl-answer-key-2023-v1,https://drive.google.com/uc?id=1StUkOPT8WKNvkRruiDCmyZUw6n35ERBN&export=download
12th-maths-answer-key-2023-v1,https://drive.google.com/uc?id=1z_bYVwc4DotO1Fv8RwYuHLomt10j1B55&export=download
12th-maths-answer-key-2023-v3,https://drive.google.com/uc?id=1O8fcIO8_nsJuYPs91UGQ7rMDqimjgnkh&export=download
12th-maths-answer-key-2023-v2,https://drive.google.com/uc?id=16zStvljxkLLj0XL1Vt551GT6tbmcguaa&export=download
12th-maths-answer-key-2023-v4,https://drive.google.com/uc?id=1K2SnCy44ONu4F3E8MRnRliGli71goFhV&export=download
12th-maths-answer-key-2023-v5,https://drive.google.com/uc?id=1u521zobDzwG4Uc_bEEqii9gEQ7_kAqJ7&export=download
12th-biology-answer-key-2023-v1,https://drive.google.com/uc?id=16sfOhM87VcRMX6IerakNCWdJtzke7DJu&export=download
12th-biology-answer-key-2023-v2,https://drive.google.com/uc?id=1_SxSuwdPIH3ThP0jtIpBPi3p6dbPOFXE&export=download
12th-biology-answer-key-2023-v4,https://drive.google.com/uc?id=1q2ElH0Pye_OK3MuK8GD3NB6xMLuZmZyb&export=download
12th-biology-answer-key-2023-v5,https://drive.google.com/uc?id=1Ibp97aBAbHhuoI4O5h-C6DjrQ3-qYZs0&export=download
12th-biology-answer-key-2023-v3,https://drive.google.com/uc?id=1hhSRHXD6mhcSqXgeb--IzDyQnu329bcS&export=download
12th-chemistry-answer-key-2023-v2,https://drive.google.com/uc?id=1NPWoczi9BVROu6lDU58ebXKGGhZ3fduK&export=download
12th-chemistry-answer-key-2023-v3,https://drive.google.com/uc?id=1KSGIpbCsABBO-ma1scBWrM9H3w2GZdnm&export=download
12th-chemistry-answer-key-2023-v4,https://drive.google.com/uc?id=19Mep0MKnpoXcil7Yu4S7ZYlpGmDb-q2X&export=download
12th-chemistry-answer-key-2023-v5,https://drive.google.com/uc?id=1spo7HNgNypFYolSOtYDkcNTwlj-amOk0&export=download
12th-chemistry-answer-key-2023-v1,https://drive.google.com/uc?id=1ZEsluNqjV4FVVLVYo3Y_z_oFOMLKP0_7&export=download
12th-physics-answer-key-2023-v2,https://drive.google.com/uc?id=10gPlWWUlFcy4_mkswg3JSdTDPasFWssL&export=download
12th-physics-answer-key-2023-v3,https://drive.google.com/uc?id=1vkx4pCWI2yEWYXA3m0h-dEvzg4vjAlsk&export=download
12th-physics-answer-key-2023-v4,https://drive.google.com/uc?id=14Kpk-XXQ4owfW61XuwM9qJK4PwyJpzWs&export=download
gujcet-provisional-answer-key,https://drive.google.com/uc?id=1zj7HV0LJGtoeIsTXZTaFhiB4khZB6Fzx&export=download
gujcet-physics-answer-key-v1,https://drive.google.com/uc?id=10LIY3D7LRgPUwTmQ6oiKweSIMbVrUH_r&export=download
gujcet-physics-answer-key-v3,https://drive.google.com/uc?id=1j0jXehz8OEOy1HMwWlK3-FXu4cKMVc0q&export=download
gujcet-physics-answer-key-v4,https://drive.google.com/uc?id=1v5ITpfOqFKIUd8vBeoO59swcquIiHiKt&export=download
gujcet-physics-answer-key-v2,https://drive.google.com/uc?id=1x6A837w24MYxNXGhIcIF0XILe_Q4UA32&export=download
gujcet-chemistry-answer-key-v1,https://drive.google.com/uc?id=18xX58Yh6cfjZLK5TdJgtg0OKn5bq1qlG&export=download
gujcet-chemistry-answer-key-v2,https://drive.google.com/uc?id=1j5ehB0_8PBiJxLuH8WT3qIN5M7SluMVI&export=download
gujcet-chemistry-answer-key-v3,https://drive.google.com/uc?id=1f_U-9aENgxNAlGXOTm6lVZIyKbfzA0WW&export=download
gujcet-maths-answer-key-v1,https://drive.google.com/uc?id=1kNqFfUbJtEDiy4_Fptj6XP1vJVEEIEqM&export=download
gujcet-maths-answer-key-v3,https://drive.google.com/uc?id=1Pt3RwYGIZ7S2QvjCSoJDktAUd-VVExL6&export=download
gujcet-maths-answer-key-v4,https://drive.google.com/uc?id=1ASFLOysjj2oAh_x5FDoE2BpYV-RroYmw&export=download
gujcet-maths-answer-key-v2,https://drive.google.com/uc?id=1_IliSv-E0jho6mk_U39wXgJLmctdDTbF&export=download
gujcet-biology-answer-key-v1,https://drive.google.com/uc?id=1qAtJfGMfNMk3SPCb0OlPbtBPB9cOthoN&export=download
gujcet-biology-answer-key-v2,https://drive.google.com/uc?id=1QlazHIWGg0l8PCRs5Jd8m4WP6gIFdGTh&export=download
12th-maths-vraj-2021-guj,https://drive.google.com/uc?id=1nexNZamBBrZZL8cwDbJpBgfvTrwMQq5n&export=download
12th-maths-vraj-2023-guj,https://drive.google.com/uc?id=1cyV8O57lEwkBX3lWbt4Bq1GUrpXvaN8u&export=download
12th-maths-vraj-2021-eng,https://drive.google.com/uc?id=1L4fQuVyK6NHHpXkW_w2w-PJvEbYYnT0t&export=download
12th-maths-vraj-2022-eng,https://drive.google.com/uc?id=1GggGC2SCEtt0Ky0ogvq16-Trj_0ytH43&export=download
12th-maths-vraj-paperset-2024-gm,https://drive.google.com/uc?id=1vJBF9-AqGpMFEs8xVh043vdkx2utLHIR&export=download
12th-english-vraj-2020-sl-guj,https://drive.google.com/uc?id=1VS0F6Qmfv9v7H-u-GjIWwANOdMrSxICn&export=download
12th-english-vraj-2021-sl-guj,https://drive.google.com/uc?id=1johbGXMDVTeD5aQY0MbzJzAGLzciGYKZ&export=download
12th-english-vraj-2022-sl-guj,https://drive.google.com/uc?id=1M3SDC0plaUhuUWjjf-6t4l7pzbJoA-f_&export=download
12th-english-vraj-2023-sl-guj,https://drive.google.com/uc?id=1ZfwdeCc-0YA-ovannZK5LzvheuG1sY8e&export=download
12th-english-vraj-2021-fl-eng,https://drive.google.com/uc?id=1tWLHHBNLHZkgyNy_NmIBq8w8tRS4yWLE&export=download
12th-english-vraj-2022-fl-eng,https://drive.google.com/uc?id=1gYEUxSj6W5kZl-WwH8T6V49gr-ydpktZ&export=download
12th-english-fl-vraj-paperset-2024-em,https://drive.google.com/uc?id=1pRFnLjrCFyJoqRJ9TQc_NcPDtFySOJ0C&export=download
12th-english-sl-marvel-2020,https://drive.google.com/uc?id=18ol2wo_Efj4n5m5OdlwpUI0DvHkDXS4o&export=download
12th-english-fl-marvel-2023,https://drive.google.com/uc?id=15GhdTb_0p69yP-9qhPTyKVL9a0k44rUf&export=download
12th-english-fl-marvel-mcqs-2024-em,https://drive.google.com/uc?id=1PrtJc0wF3JUEwbUz68_MnqJYmAdKiVEh&export=download
12th-biology-marvel-2022,https://drive.google.com/uc?id=1HjW9S-mAV8KTrBrdl_mFVSmOT731qk0d&export=download
12th-biology-marvel-paperset-2024-em,https://drive.google.com/uc?id=1ImuMpIKcxBxKAb6l3UloKKrvlm6YU5xa&export=download
11th-physics-zenith-mcqs-gm,https://drive.google.com/uc?id=120TrOHT5-v8Q1-IYL6sJBJw5qPYZMUMt&export=download
12th-chemistry-zenith-mcqs-gm,https://drive.google.com/uc?id=1SP6Qxn_SttFXHVenLjrwXX8CjW0oHC9Z&export=download
12th-maths-modern-mcq-gm,https://drive.google.com/uc?id=1qTJIfCHMbwEICJzn5oeErMni1SnJJGfg&export=download
kumar-gujcet-physics-2024-em-paperset,https://drive.google.com/uc?id=1albHXt1ftSiqmzr9FuYLxRnI-_VgIHpX&export=download
kumar-gujcet-maths-2024-em-paperset,https://drive.google.com/uc?id=1Nugkx62k_WBmTod-S1wy94dKNl5DM_Sa&export=download
gujcet-kumar-physics-2022-gm,https://drive.google.com/uc?id=1vMgbeTAKA3QzGdqMYAhKvKbZFTHsuacX&export=download
gujcet-kumar-chemistry-2022-gm,https://drive.google.com/uc?id=1MoQvCEuq3a7lMbYYI6crPHqGWA4ol6uu&export=download
gujcet-kumar-physics-2021-gm,https://drive.google.com/uc?id=153H2ky8ceFkrMMQx3U5kB3T2NFsV9S3v&export=download
gujcet-kumar-chemistry-2021-gm,https://drive.google.com/uc?id=1Pr9fg-Pp-DSmbTSds4Gct9dBqi2cbA93&export=download
gujcet-kumar-maths-2021-gm,https://drive.google.com/uc?id=1lvatM_qSxGlEjz87pyuLNMhr0HnPafkf&export=download
12th-physics-liberty-2018,https://drive.google.com/uc?id=1TiyxOkPOgUuDVeWZLulN2hqhRziTwVHZ&export=download
12th-physics-liberty-2019,https://drive.google.com/uc?id=1cBAQSlGNty5LX-9LoSvZ0OQQkdplCmsh&export=download
12th-physics-liberty-2020,https://drive.google.com/uc?id=1RN0weWc3DTIY9Q-Jv_zq-StRF12tI3ZG&export=download
12th-physics-liberty-2021,https://drive.google.com/uc?id=1w-5kNZDRqi6sQynYjfYqeopwqTlnGXIT&export=download
12th-physics-liberty-2022,https://drive.google.com/uc?id=1IPuD2eVIRK0ZAIEwyonVDhKSP3CcaJyX&export=download
12th-physics-liberty-2023,https://drive.google.com/uc?id=1bu5n-675YrGoogQxcukcpGUDINX_5mAp&export=download
12th-physics-liberty-2023-em,https://drive.google.com/uc?id=1aHhVNVCm0wkPDrGGP4qHoEglYTIU1jhe&export=download
12th-science-physics-v1-liberty-paperset-2024-gm,https://drive.google.com/uc?id=11WMziQyeMXQJIBhnHkYWnwJQWaZrYFDp&export=download
12th-physics-liberty-paperset-2024-em,https://drive.google.com/uc?id=1woduRkYLG8TsokfZHRPN0ZGQ8wLkH60Y&export=download
12th-physics-liberty-paperset-2025-gm,https://drive.google.com/uc?id=1gQ_J_cdOplrYZHrfT7-rwga2cjs-Tdh_&export=download
12th-physics-liberty-paperset-v2-2025-gm,https://drive.google.com/uc?id=1PY4Ql0fCzWWjE6ZfvlbImzreXMSuzGNJ&export=download
12th-biology-liberty-2018,https://drive.google.com/uc?id=1XMam1i3tispaEIeltNToVAkvh5Vutng5&export=download
12th-biology-liberty-2019,https://drive.google.com/uc?id=1EO29on7b_Cf9NpDNOawtBykoVPM--vx6&export=download
12th-biology-liberty-2020,https://drive.google.com/uc?id=1YA09CML_zcrHX5fqtFAuyIVXd16MbieU&export=download
12th-biology-liberty-2021,https://drive.google.com/uc?id=1LFVmnay5iABde-NbT1RK9JxvWRMLyMza&export=download
12th-biology-liberty-2022,https://drive.google.com/uc?id=1GxbWvFQk8VGMvzWU05B--Hr64yS4ZltC&export=download
12th-biology-liberty-2023,https://drive.google.com/uc?id=1VYY0vTMM3OX967EUViwaA_8z8R4FuUjJ&export=download
12th-biology-liberty-2023-em,https://drive.google.com/uc?id=1p5DDV4Kv7VaIizKLf_y-clubJw3_nY35&export=download
12th-biology-liberty-paperset-2024-gm,https://drive.google.com/uc?id=1cxfOZZqdz-RengMyFfTD95m7Eg6kzDvg&export=download
12th-biology-liberty-paperset-2024-em,https://drive.google.com/uc?id=1AOLlg8BJLOUBYcCfGQWQ8tGgBSlHwGfd&export=download
12th-biology-liberty-paperset-2025-gm,https://drive.google.com/uc?id=1o2JW86cRgQ1xQX1FvkmRRXrl-5C4ScBQ&export=download
12th-maths-liberty-2018,https://drive.google.com/uc?id=1t_3HYXvFxFQ3GjBNf1jVXcfWVeQS5MEQ&export=download
12th-maths-liberty-2019,https://drive.google.com/uc?id=1baDo8PJm8wXbEZ8B-xOjHphi7fLs9PAw&export=download
12th-maths-liberty-2020,https://drive.google.com/uc?id=1cpTE7NE4GRHlrlKp5wIQHzo3pj1EcRxv&export=download
12th-maths-liberty-2021,https://drive.google.com/uc?id=1v_ydHz1w3MXGSDLybXuQg3SOVhijJ621&export=download
12th-maths-liberty-2022,https://drive.google.com/uc?id=1UV--jd3I92a9UXuZK4v9q09IofljzzkJ&export=download
12th-maths-liberty-2023,https://drive.google.com/uc?id=1wt3VWw7txMY--kzHgW8SND60wsjUvlEB&export=download
12th-maths-liberty-2023-em,https://drive.google.com/uc?id=1pJBe3yd6VA9Lf3wv3D3QCRhutlU6UekC&export=download
12th-science-maths-liberty-paperset-2024-gm,https://drive.google.com/uc?id=1iA1wotKQ6iVDdEPdiqCfGVmfgp0BHpwA&export=download
12th-maths-liberty-paperset-2025-gm,https://drive.google.com/uc?id=1nFperEQdq38p8-cZTt-jWFCJOC9UZMGk&export=download
12th-maths-liberty-paperset-v2-2025-gm,https://drive.google.com/uc?id=12wVr1cGxGsWOrxr9YzeDX8au94K0drYu&export=download
12th-maths-liberty-paperset-2025-em,https://drive.google.com/uc?id=15h9m7rqDmYUU4nyo3LgudSZPJFAMuOSg&export=download
12th-english-sl-liberty-2021,https://drive.google.com/uc?id=1_u8_q547KmIBOSrebikfY68V7yXD2cXv&export=download
12th-science-english-liberty-paperset-2024-gm,https://drive.google.com/uc?id=1mU013XjVpGiM3Q-mDjyxs9GMukhGE6Sl&export=download
12th-english-sl-liberty-paperset-2025-gm,https://drive.google.com/uc?id=1htIoTiXD8gSVNbnU7Z8Xl1FaGqtQtmJK&export=download
12th-english-sl-liberty-paperset-v2-2025-gm,https://drive.google.com/uc?id=17knk7gEjdWzlmRTcOT8You1dVkDo0zsX&export=download
12th-physics-marvel-2020,https://drive.google.com/uc?id=1P8tkulI7bPsmfxNM3T-Yse8HHfSH8FyW&export=download
12th-physics-marvel-2022,https://drive.google.com/uc?id=1ypuW66xB5WBGQrQy3ctib7en2wY02p7T&export=download
12th-physics-marvel-solution-2022,https://drive.google.com/uc?id=1uteNPU_MiVBti2bJshG-6o14F1Rsz16w&export=download
12th-physics-marvel-solution-2023,https://drive.google.com/uc?id=1KDRp815s4mQ_Kr6eYYDe2ceoaSiEDaA9&export=download
12th-physics-marvel-paperset-2024-gm,https://drive.google.com/uc?id=1krrEsXBeMSIvlHq7F_O84kAWGfyYig4u&export=download
12th-physics-marvel-solution-2022-em,https://drive.google.com/uc?id=1-Xhg48MOcqfm9zKivgzD0n5u6srzuurN&export=download
12th-physics-marvel-solution-2023-em,https://drive.google.com/uc?id=1K4KN--AKzMi7AO8VcrmQehQNuGs22oVz&export=download
12th-physics-marvel-paperset-2024-em,https://drive.google.com/uc?id=1CKTy0LODqsWOIgV2JvH20_0QlEexY_Rv&export=download
12th-physics-marvel-easy-paper-solution-2025-em,https://drive.google.com/uc?id=18ge3HaDcp8E2HrqdwBYPCTyuyDOyoLO8&export=download
12th-chemistry-marvel-part-a-2020,https://drive.google.com/uc?id=1R9ajFjt3Fzr50KS1pl7zmyITNbnvlSrj&export=download
12th-chemistry-marvel-part-b-2020,https://drive.google.com/uc?id=1akKJ7rrrqX4PN55_0kxL9o4iCC5Zree4&export=download
12th-chemistry-marvel-2022,https://drive.google.com/uc?id=1hF3Jc31e--YROdE9AypvQxoyb5BPEgnq&export=download
12th-chemistry-marvel-solution-v1-2022,https://drive.google.com/uc?id=1KijWFaaavZ3Efko7x3TTDaxmzxV_UQ6N&export=download
12th-chemistry-marvel-solution-v2-2022,https://drive.google.com/uc?id=1Tx_UiEgxxx60_pU55cqutK99_wEg_Ir6&export=download
12th-chemistry-marvel-solution-2023,https://drive.google.com/uc?id=1DnOOlLfEDGiRYhpA3HcN7qCJQEH_m-GZ&export=download
12th-chemistry-v1-marvel-paperset-2024-gm,https://drive.google.com/uc?id=12vjZ60-DQ3LpiQ3JS8pA-C0SO3WLxw8B&export=download
12th-chemistry-v2-marvel-paperset-2024-gm,https://drive.google.com/uc?id=1ZIcTEDnWFjW-Qt-MDGKscfSDcWwAAgCW&export=download
12th-science-chemistry-marvel-paperset-2024-gm,https://drive.google.com/uc?id=1y_74aG5PX3eCLMQzfHOiJXzI3yBj6S6B&export=download
12th-chemistry-marvel-solution-2022-em,https://drive.google.com/uc?id=13EqcREPlB68kssesD4Q6Ej2YdjP4JhaK&export=download
12th-chemistry-marvel-solution-2023-em-v0,https://drive.google.com/uc?id=1H7qnt2G8DamCkOC0sPToedO5j-zAN62Q&export=download
12th-chemistry-marvel-solution-2023-em-v1,https://drive.google.com/uc?id=1GpvYiWsQcjDkJwOqaRfMQTWmr4JHUBUa&export=download
12th-chemistry-marvel-solution-2023-em-v2,https://drive.google.com/uc?id=1nh44sGnM9JtmzD_t0y_v2QDMePrgRIy4&export=download
12th-chemistry-marvel-easy-paper-solution-2025-em,https://drive.google.com/uc?id=1yx3w9gteW08s6m_qiPd1qPv3uihVtR8t&export=download
12th-maths-marvel-2022,https://drive.google.com/uc?id=1e1F1LFInNQmSBxUoXj464YFZnOsx21mk&export=download
12th-maths-marvel-solution-2023-gm,https://drive.google.com/uc?id=16FRZiRueUE3tBn8_L0_6F7AhRu3KF0ZT&export=download
12th-maths-marvel-solution-2022-em,https://drive.google.com/uc?id=14KySNhoTspswpQWzDBeQo-IFh0oz7W_w&export=download
12th-maths-marvel-solution-2023-em,https://drive.google.com/uc?id=1anN2QA_cQpau3kf72IzgWjx29dBtAzeI&export=download
12th-maths-v1-marvel-paperset-2024-gm,https://drive.google.com/uc?id=1eMxqSMzQ2p6j-wqrlU6bYGyO32edP41q&export=download
12th-maths-v2-marvel-paperset-2024-gm,https://drive.google.com/uc?id=1EbjJegm3VJ30LztCWVG_RM96gSnTMPij&export=download
12th-maths-marvel-easy-paper-solution-2025-em,https://drive.google.com/uc?id=1tkP8rwhwdBWABReJQceBjXlX7G0FI4Xn&export=download
12th-biology-kumar-5-star-2020-guj,https://drive.google.com/uc?id=1UoFn7Lxm4bi2OCfKti0570TPQaeQ9F-p&export=download
12th-biology-kumar-5-star-2021-guj,https://drive.google.com/uc?id=1UgEajD0fS17yhI9gvV-Idj1M1w-G7FF6&export=download
12th-biology-kumar-5-star-paperset-2024-em,https://drive.google.com/uc?id=1jAo0wCX0BYGNjz9vOTsXX4hGqyOEyxGy&export=download
12th-biology-kumar-board-paperset-2025-gm,https://drive.google.com/uc?id=10Js0j258JK9rhq-ApIvZgr2v91jBMc3n&export=download
12th-physics-kumar-5-star-2020-guj,https://drive.google.com/uc?id=1oi3NuT5ktn9PS33iO4kdgx7_MWjfxvsl&export=download
12th-physics-kumar-5-star-2022-guj,https://drive.google.com/uc?id=1lgUlWf08azQukxnmT8ar2agGqujAzh-l&export=download
12th-physics-kumar-5-star-2022-eng,https://drive.google.com/uc?id=1uvtcCiMjo8OgxmmLvGpcKTS6GlBwqDqB&export=download
12th-physics-kumar-5-star-paperset-2024-em,https://drive.google.com/uc?id=1fE_kyUcqBVMKgnrIz2OuFp9HBh6tZfWC&export=download
12th-physics-kumar-board-paperset-2025-gm,https://drive.google.com/uc?id=19z9wic-93MYuLmrf6xOk6gwGWAZ8APmY&export=download
12th-maths-kumar-5-star-2022-guj,https://drive.google.com/uc?id=1l5Pk2herRKoBpaUnHhj5qGluPpw8HGRz&export=download
12th-maths-kumar-5-star-2022-eng,https://drive.google.com/uc?id=1PqXajlXKGOUblX8AZEXsc8K7r0B9taRL&export=download
12th-maths-kumar-board-paperset-2025-gm,https://drive.google.com/uc?id=1JQihCuNW9yp3axi3mWbIXJ49EcrSwSdM&export=download
12th-english-fl-kumar-5-star-2021-eng,https://drive.google.com/uc?id=15b7hkOfCfSLB8GjtNCvN9YMCEnb-d5o2&export=download
12th-english-sl-kumar-board-paperset-2025-gm,https://drive.google.com/uc?id=1jk0e6K5Tzckl74RbfP9OPEOtnhqj6kyv&export=download
12th-computer-marvel-gm,https://drive.google.com/uc?id=1rP2JwMo24p14OckcwiK2qhaSq0XEl6H4&export=download
12th-computer-darpan-mcq-gm,https://drive.google.com/uc?id=11koU_eFAVD1-BLTll1ZHA-YsRLJWGnA4&export=download
12th-computer-sankalya-2022-guj,https://drive.google.com/uc?id=1teepxbQLYWz_aXcxO5YjjyRt4QGH0Rva&export=download
12th-computer-gala-paperset-gm,https://drive.google.com/uc?id=1eN9NhGfeYPnTL2GzrS9WmhS3sRDBntak&export=download
12th-computer-kumar-5-star-paperset-gm,https://drive.google.com/uc?id=1CVTO5Ctc3TrNQnxMRvKuusFa3-qrf0Kp&export=download
12th-computer-mcq-by-dharmesh-chahwala-gm,https://drive.google.com/uc?id=1Tt8gxHM-7VQij3am903Eq8yCav8oUkHM&export=download
12th-computer-mcq-practice-papers-gm,https://drive.google.com/uc?id=1TgEK7gdkcMagEjeV-DS5MYeI-_fPFAPR&export=download
12th-computer-250-imp-mcqs-gm,https://drive.google.com/uc?id=1GhFeyBTPoVeY71YOJxu-yFv2vvOwjewV&export=download
12th-computer-chapterwise-sona-prakashan-gm,https://drive.google.com/uc?id=11vxFXfsb8iptNv5MmV1qYrWK_QM7aAnh&export=download
12th-computer-liberty-paperset-2025-gm,https://drive.google.com/uc?id=1wzORA0NWX4JnHhL0S0m2aJOKcBp2fc02&export=download
12th-computer-liberty-paperset-v2-2025-gm,https://drive.google.com/uc?id=1j7uCq7DAYNFf3xG6_T4tfe2SNiEX8fhU&export=download
12th-computer-kumar-board-paperset-2025-gm,https://drive.google.com/uc?id=1WSoXquYelm6pYeo61dAw9h4GeMliowKz&export=download
12th-computer-marvel-em,https://drive.google.com/uc?id=12e3pYirUMNZjh8_Kmc0Ey-6OspI0GWUX&export=download
12th-computer-sankalya-2022-eng,https://drive.google.com/uc?id=1_ozat50-_GxTkg4OzsZAIfckyiok3Nor&export=download
12th-computer-1000-mcq-em,https://drive.google.com/uc?id=1HXhY0S5ib9k_9xu6-UA37VoSUOGW66xa&export=download
12th-sanskrit-navneet-mcqs-v1,https://drive.google.com/uc?id=1YlzebhYBi8mrf85DPijsbgq03KvmOYkg&export=download
12th-sanskrit-navneet-mcqs-v2,https://drive.google.com/uc?id=1AL6U6KueC9lTfNe2-YObpL60yuUDf6DX&export=download
12th-sanskrit-navneet-digest,https://drive.google.com/uc?id=1J6AyJwyhZAeyJM8_kWrpS2V_XKQfRtrr&export=download
12th-sanskrit-hand-written-notes,https://drive.google.com/uc?id=1VLOcBkTcybcHYiocCTg2ryAb_UR53ok4&export=download
gseb-12th-sanskrit-notes-nb-chaudhari,https://drive.google.com/uc?id=1-RaE0bwAbHKarpR1Z8-aZtZ5gCOFPiii&export=download
12th-sanskrit-liberty-paperset-2025-gm,https://drive.google.com/uc?id=1p_wmDjqY10aZc66G7uEbN61ftNEc4II_&export=download
12th-sanskrit-liberty-paperset-v2-2025-gm,https://drive.google.com/uc?id=1oKliIOmgtCANekZV_nD_44IJigWqdULB&export=download
12th-chemistry-vraj-2020-guj,https://drive.google.com/uc?id=1wzPALpppLSaS6CWgzf9ExJAjg8b1Op7c&export=download
12th-chemistry-vraj-2021-guj,https://drive.google.com/uc?id=18G9--7ITnnI329kz5ycWZV_5trrQKd-r&export=download
12th-chemistry-vraj-2022-guj,https://drive.google.com/uc?id=1iP9aMPBIvtnYo_sRr1tM_ax_29ys-lDk&export=download
12th-chemistry-vraj-2023-guj,https://drive.google.com/uc?id=1nopDyWhTfvfq8iYYwEFnbjtW-DR-OKql&export=download
12th-chemistry-vraj-paperset-2024-gm,https://drive.google.com/uc?id=1uUOdK-cfc2vhZrwKJUQwx0tM-CzpXYfE&export=download
12th-chemistry-vraj-2021-eng,https://drive.google.com/uc?id=129tj8dkObBV-JjxNZmyoQe643y_Zf1sD&export=download
12th-chemistry-vraj-2021-eng-solution,https://drive.google.com/uc?id=1_c-O3zcyArxERt-ve2JnZI6CTem4doV8&export=download
12th-chemistry-vraj-paperset-2025-em,https://drive.google.com/uc?id=1-EKrOsaSts-pUwK0BJdMHWPUBkDEsPDi&export=download
12th-physics-devsatya-2020,https://drive.google.com/uc?id=16-jrhzEytCYWOzhuLhiJjtzuNcIkeoKN&export=download
12th-physics-devsatya-v1-2021,https://drive.google.com/uc?id=12o7YLHGKc5JWXpT0EUKROoLvEKq1YU67&export=download
12th-physics-devsatya-v2-2021,https://drive.google.com/uc?id=1z2OnTeUl8h1hTxgX20HmWKu2QtysEqBr&export=download
12th-physics-devsatya-v1-2022,https://drive.google.com/uc?id=1ApSTFWRxdlljCFn6fpU4MAmEptZh6_Im&export=download
12th-physics-devsatya-v2-2022,https://drive.google.com/uc?id=1EFah5wFcNkAbjfpo8iXDsCNvT8K3dYrU&export=download
12th-physics-devsatya-2023,https://drive.google.com/uc?id=1uDqYRm7DanoIY6LoCwl1j-Lgv9mawfAU&export=download
12th-physics-devsatya-v2-2023,https://drive.google.com/uc?id=1u8fvcW_PkG-xPsPTlR9VBOZThz_9DhcF&export=download
12th-science-physics-devsatya-paperset-2024-gm,https://drive.google.com/uc?id=1x9xmT16S1cMHwW_Cor0jqsx7sEtKYbMy&export=download
12th-physics-devsatya-paperset-2025-gm,https://drive.google.com/uc?id=1dOS_QBy462DcoHiV6qa0MnDtIC-0-qko&export=download
12th-chemistry-devsatya-2020,https://drive.google.com/uc?id=1aVQF-tIPHq8OWmbuoDp4npCU4V05Q5J4&export=download
12th-chemistry-devsatya-v1-2021,https://drive.google.com/uc?id=1WxjRJc2Cfd57wFUwA_Pg0pgTAUqNxqPc&export=download
12th-chemistry-devsatya-v2-2021,https://drive.google.com/uc?id=1rQKWY2NpFttwuFjQtLEU2W3jA4r_gOss&export=download
12th-chemistry-devsatya-v1-2022,https://drive.google.com/uc?id=1exb-g0rik_p57nHgs5D-94wiBdLkQQrM&export=download
12th-chemistry-devsatya-v2-2022,https://drive.google.com/uc?id=1tB3P3lOP3BT0hSVXtEVCbWrY_3RKebOc&export=download
12th-chemistry-devsatya-2023,https://drive.google.com/uc?id=18ImUdsHz1eI6RqWwPr-hYkFqXMfD51tl&export=download
12th-chemistry-devsatya-v2-2023,https://drive.google.com/uc?id=1czABWhqv4UYK2h4y36OFbDngtD6-Eycw&export=download
12th-science-chemistry-devsatya-paperset-2024-gm,https://drive.google.com/uc?id=1UOg2x7s38_3YiO8i86D_aVAkf48691xw&export=download
12th-chemistry-devsatya-paperset-2025-gm,https://drive.google.com/uc?id=1pZj2wBbM_WBHGJ-N1zYSOKAeHL6s5Bbh&export=download
12th-maths-devsatya-2020,https://drive.google.com/uc?id=1lxGAPjQg0UFEqdiiBHKC1eJkLMkUw3Lm&export=download
12th-maths-devsatya-2021,https://drive.google.com/uc?id=1IYPslFhsS4yFKiZojxhzmB945lhGpfjX&export=download
12th-maths-devsatya-v1-2022,https://drive.google.com/uc?id=1ByD4igeFMcIyIZHai4gaCgF92-Zr-rn3&export=download
12th-maths-devsatya-v2-2022,https://drive.google.com/uc?id=1AXjXk8TkPAvh_iQV2k6M69hfh3KPdI36&export=download
12th-maths-devsatya-2023,https://drive.google.com/uc?id=1tTmnO-b3frRr-7P8uGsEYDmV9m0RHvfk&export=download
12th-maths-devsatya-paperset-2024-gm,https://drive.google.com/uc?id=1gqnkGFSLIhbrB-tuBQuGnaQTV4UPt3fs&export=download
12th-maths-devsatya-paperset-2025-gm,https://drive.google.com/uc?id=1NSz4vF4zV_oZMPWMY-UA_WSyez1zbJm3&export=download
12th-chemistry-liberty-2018,https://drive.google.com/uc?id=1xxt0nsP1l5cPxg0J73VC0wUnnUiM2fr5&export=download
12th-chemistry-liberty-2019,https://drive.google.com/uc?id=1wHVAGG3-I5Z_Ryx5u-Bqxw102XQnnjme&export=download
12th-chemistry-liberty-2020,https://drive.google.com/uc?id=14gzd_gkvv3oNNLuZtZWvYsJvQQothKwH&export=download
12th-chemistry-liberty-2021,https://drive.google.com/uc?id=1IA7YIkchU9bhGQMOSE4STEDX9w2RtKhb&export=download
12th-chemistry-liberty-2022,https://drive.google.com/uc?id=1OWSJpb883p2c-jZpDWgCRkQcO47kcByX&export=download
12th-chemistry-liberty-2023,https://drive.google.com/uc?id=1tADzGiaJAj6kmohJYGcE4vnbnjm9ISbX&export=download
12th-chemistry-liberty-2023-em,https://drive.google.com/uc?id=1LNXxgAR8TwM8vcXaKmOH_rDjN9POo5qW&export=download
12th-science-chemistry-liberty-paperset-2024-gm,https://drive.google.com/uc?id=1Y_kBj6Qj_ICa6g96JR-sbrk5E-07-SoU&export=download
12th-chemistry-liberty-paperset-2024-em,https://drive.google.com/uc?id=1jEuD0MEM7rGWk0N6mTWv4jrjnOGUQAiq&export=download
12th-chemistry-liberty-paperset-2025-gm,https://drive.google.com/uc?id=151eBPRK-XLFPKw5AI6WrmpLew-CB6Dku&export=download
12th-chemistry-liberty-paperset-v2-2025-gm,https://drive.google.com/uc?id=1fnLg3UlsOK8KwcktY_D8fq_Dnddpldlu&export=download
12th-chemistry-liberty-paperset-6-15-2025-em,https://drive.google.com/uc?id=1e_wJTE4NxWbEfHX1NWVtKcf42ceuzpQ9&export=download
12th-chemistry-liberty-paperset-2025-em,https://drive.google.com/uc?id=1nEWd5koXxvURIvlDUOszkuoUYEbWbCas&export=download
12th-chemistry-liberty-2020,https://drive.google.com/uc?id=14gzd_gkvv3oNNLuZtZWvYsJvQQothKwH&export=download
12th-physics-vraj-2020-guj,https://drive.google.com/uc?id=1fwTs8rxPBdNeA6aq4M-tEbsPcZiJkdnu&export=download
12th-physics-vraj-2021-guj,https://drive.google.com/uc?id=1VAzTMqQVGhuDw36aZWGWzRibPT7pH5lO&export=download
12th-physics-vraj-2022-guj,https://drive.google.com/uc?id=1X2cbtivF3J3AH8umA3Ag6P9r3Vs9pgrb&export=download
12th-physics-vraj-2023-guj,https://drive.google.com/uc?id=1s0BQKPK812mzc42W8fFb1Zz_IRvbIbPW&export=download
12th-physics-vraj-2021-eng,https://drive.google.com/uc?id=1qPO-kOL7kv2T_WHO-luuUjWL_Z3qgeOl&export=download
12th-physics-vraj-2021-eng-solution,https://drive.google.com/uc?id=1Rt6SJ2xnV8PBA4uLDhBfRzpmn3P5ukT1&export=download
12th-physics-vraj-2023-eng,https://drive.google.com/uc?id=16h4Ra32jEzF0KTK49PJwLlNvOgE7USI5&export=download
12th-physics-vraj-paperset-2024-gm,https://drive.google.com/uc?id=1mh1Sovwh6QyIxQY1jDaGq8q1HlpqkS19&export=download
12th-physics-vraj-paperset-2025-gm,https://drive.google.com/uc?id=1qwW3fmoZnCfgCqzawn4T8DnGb3S4e0Xi&export=download
